country,cohort,design,recruitment,ancestries,materials,available_samples,metadata,available_data,pis,lr_wgs,pbmc_scrna,gb_profiling
United States,LatinCells US,Community based,Ongoing,Admixed US Latinos from the Caribbean,DNA & scRNA,72,Health and demographic survey,scRNAseq & SNP arrays,Hugo Guerrero Cázares,50,50,
Mexico,MX Biobank,Population based,Completed,Nationwide admixed and Indigenous ancestries,DNA & serum,40000,"Health survey, serology, immune response",SNP arrays (N=6k),"Andrés Moreno-Estrada, Lourdes García",100,,
Mexico,LatinCells MX,Community based,Ongoing,Indigenous ancestries across Mexico,DNA & scRNA,120,"Health and demographic survey, biometrics",scRNAseq & SNP arrays,"Andrés Moreno-Estrada, Carlos Ortiz, Daniela Robles",120,120,
Costa Rica,CR Diversity Project,Community based,Completed,Indigenous ancestries nationwide,DNA,900,Demographic survey,,Alejandro Leal,25,,
Costa Rica,CR-MAP,Disease based,Completed,Admixed across Costa Rica,"DNA, EBV cell lines",1000,Population controls for bipolar and psychosis disorders,"SNP arrays (N=1.2k), WGS (N=224)","Henriette Raventós, Gabriela Chavarría",25,,
Colombia,LatinCells CO,Community based,Completed,Indigenous ancestries across Colombia,DNA & scRNA,96,"Health and demographic survey, biometrics",scRNAseq & SNP arrays,"Guillermo Barreto, Marisol Espitia",90,90,
Peru,LatinCells PE,Community based,Ongoing,"Admixed in Lima, Peru",DNA & scRNA,96,"Health and demographic survey, biometrics",scRNAseq & SNP arrays,"Carla Gallo, Giovanni Poletti",60,60,
Peru,Puno UNA,Community based,Completed,"Indigenous Aymara in Puno, Peru","DNA, blood",110,Population controls of preeclampsia GWAS in the Andes,SNP arrays (N=110),"Andrés Moreno, Carla Gallo",25,,
Peru,Peruvian Genome Project,Population based,Completed,Indigenous ancestries nationwide,DNA,1050,Demographic survey,SNP arrays (N=650),"Omar Cáceres, César Sánchez, Carlos Padilla",50,,
Brazil,DNAdoBrasil,Community based,Ongoing,Admixed and Indigenous ancestries nationwide,DNA,5000,"Health survey, obesity, diabetes, CVD",WGS (N=150),"Tábita Hünemeier, Lygia da Veiga Pereira",50,,
Brazil,LatinCells BR,Community based,Ongoing,Admixed in São Paulo and Einstein clinics,DNA & scRNA,96,"Health and demographic survey, biometrics",scRNAseq & SNP arrays,"Patricia Severino, Patricia Possik",86,86,
Chile,Chile Genómico,Population based,Completed,Nationwide admixed and Indigenous ancestries,DNA,3000,Demographic survey,SNP arrays (N=1k),"Ricardo Verdugo, Alicia Colombo",50,,
Chile,Patagonia DNA,Community based,Completed,Indigenous ancestries,DNA,180,Demographic survey,WGS (N=17),"Ricardo Verdugo, Mauricio Moraga",25,,
Chile,LatinCells CL,Community based,Ongoing,Indigenous ancestries across Chile,"DNA, scRNA, gallbladder tissue",144,"Health and demographic survey, gallstones, gallbladder cancer",scRNAseq & SNP arrays,"Ricardo Verdugo, Vinicius Maracaja, Juan C. Araya, Marcelo Fonseca",90,90,122
Uruguay,URUGENOMES 2,Population based,Ongoing,Admixed and Indigenous ancestries,DNA,930,Health survey for rare diseases,"WGS (N=80), low-pass WGS (N=850)","Lucía Spangenberg, Hugo Naya, Inés Fariello",50,,
Uruguay,LatinCells UY,Community based,Completed,Indigenous ancestries in Tacuarembó,DNA & scRNA,24,"Health and demographic survey, biometrics",scRNAseq & SNP arrays,Lucía Spangenberg,24,24,
Argentina,PoblAR,Population based,Ongoing,Nationwide admixed and Indigenous ancestries,DNA,1500,"Health and demographic survey, biometrics",WGS (N=300),"Claudio Bravi, Hernán Dopazo",30,,
Argentina,PatagoniaGen,Population based,Completed,Admixed and Indigenous ancestries,"DNA, blood, saliva",950,"Health and demographic survey, biometrics",,"María Laura Parolin, Tábita Hünemeier",50,,
